university_id,standard_university_names
1,"Central Tribal University of Andhra Pradesh (CTU AP)"
2,"Employees State Insurance Corporation (ESIC)"
3,"National Testing Agency (NTA)"
4,"Central University of Andhra Pradesh (CU Andhra Pradesh)"
5,"Coir Board"
6,"Indian Maritime University (IMU)"
7,"National Sanskrit University (NSKTU Tirupati)"
8,"Acharya Nagarjuna University"
9,"Acharya NG Ranga Agricultural University (ANGRAU)"
10,"Adikavi Nannaya University (AKNU)"
11,"Andhra University"
12,"Damodaram Sanjivayya National Law University (DSNLU)"
13,"Dhanamanjuri University"
14,"Dr BRAmbedkar University Srikakulam"
15,"Dr NTR University of Health Sciences"
16,"Uttarakhand Technical University"
17,"Dr YSR Architecture and Fine Arts University (YSRAFU)"
18,"Dravidian University"
19,"Jawaharlal Nehru Technological University Anantapur (JNTUA)"
20,"Jawaharlal Nehru Technological University Hyderabad (JNTUH)"
21,"Jawaharlal Nehru Technological University Kakinada (JNTUK)"
22,"Karnataka State Akkamahadevi Women University (KSAWU)"
23,"Krishna University"
24,"Rajiv Gandhi University of Knowledge Technologies (RGUKT)"
25,"Sri Krishnadevaraya University (SK University)"
26,"Sri Padmavati Mahila Visvavidyalayam (SPMVV)"
27,"Sri Venkateswara Institute of Medical Sciences (SVIMS)"
28,"Sri Venkateswara University (SVU Tirupati)"
29,"Sri Venkateswara Vedic University (SVVU)"
30,"Sri Venkateswara Veterinary University (SVVU)"
31,"Vikrama Simhapuri University"
32,"Yogi Vemana University (YVU)"
33,"Gandhi Institute of Technology and Management"
34,"K L University"
35,"SRM University"
36,"Vignan University"
37,"Gitam University"
38,"Maharishi University of Management and Technology"
39,"Rayalaseema University"
40,"Sri Sathya Sai University"
41,"All India Institute of Medical Sciences Mangalagiri (AIIMS Mangalagiri)"
42,"Central Institute of Fisheries Nautical and Engineering Training (CIFNET)"
43,"Central Institute of Tool Design (CITD)"
44,"Indian Culinary Institute (ICI)"
45,"Indian Institute of Information Technology Design and Manufacturing Kurnool (IIITDM Kurnool)"
46,"Indian Institute of Information Technology Sri City (IIIT Sri City)"
47,"Indian Institute of Management Visakhapatnam (IIM Vizag)"
48,"Indian Institute of Petroleum and Energy (IIPE)"
49,"Indian Institute of Science Education and Research Tirupati (IISER Tirupati)"
50,"Indian Institute of Technology Tirupati (IIT Tirupati)"
51,"Indian Institute of Tourism and Travel Management Nellore (IITTM Nellore)"
52,"National Institute of Design (NID)"
53,"National Institute of Technology Andhra Pradesh (NIT Andhra Pradesh)"
54,"School of Planning and Architecture Vijayawada (SPA Vijayawada)"
55,"SPKM Indian Institute of Handloom Technology Venktagiri"
56,"Andhra Pradesh State Council of Higher Education (APSCHE)"
57,"Himalayan University"
58,"Rajiv Gandhi University (RGU)"
59,"North Eastern Regional Institute of Science and Technology (NERIST)"
60,"Arunachal Universuty of Studies"
61,"Arunodaya University"
62,"Indira Gandhi Technological and Medical Sciences University"
63,"North East Frontier Technical University"
64,"Venkateshwara Open University"
65,"National Institute of Electronics and Information Technology (NIELIT)"
66,"National Institute of Technology Arunachal Pradesh (NIT Arunachal Pradesh)"
67,"Assam Agricultural University (AAU)"
68,"Assam University (AU Silchar)"
69,"Centre for Development of Advanced Computing (CDAC)"
70,"Indian Oil Corporation Limited (IOCL)"
71,"Tezpur University (TEZU)"
72,"Assam Rajiv Gandhi University of Cooperative Management (ARGUCOM)"
73,"Assam Science and Technology University (ASTU)"
74,"Assam Womens University (AWU)"
75,"Bhattadev University"
76,"Bodoland University"
77,"Cotton University"
78,"Dibrugarh University"
79,"Gauhati University"
80,"Krishna Kanta Handiqui State Open University (KKHSOU)"
81,"Kumar Bhaskar Varma Sanskrit and Ancient Studies University (KBVSASUN)"
82,"Madhabdev University"
83,"National Law University and Judicial Academy Assam (NLUJA Assam)"
84,"Sri Sri Aniruddhadeva Sports University (SASU)"
85,"Srimanta Sankaradeva University of Health Sciences (SSUHS)"
86,"Assam Don Bosco University (ADBU)"
87,"Assam Down Town University"
88,"Kaziranga University"
89,"Mahapurusha Srimanta Sankaradeva Viswavidyalaya (MSSV)"
90,"Royal Global University"
91,"Army Institute of Nursing Guwahati (AIN Guwahati)"
92,"Central Institute of Technology Kokrajhar (CIT Kokrajhar)"
93,"Dr Bhubaneswar Borooah Cancer Institute (BBCI)"
94,"Indian Institute of Handloom Technology Guwahati (IIHT Guwahati)"
95,"Indian Institute of Information Technology Guwahati (IIIT Guwahati)"
96,"Indian Institute of Technology Guwahati (IIT Guwahati)"
97,"Indian Statistical Institute Tezpur (ISI Tezpur)"
98,"National Institute of Pharmaceutical Education and Research Guwahati (NIPER Guwahati)"
99,"National Institute of Technology Silchar (NIT Silchar)"
100,"National Power Training Institute (NPTI)"
101,"North Eastern Regional Institute of Water and Land Management (NERIWALM)"
102,"Institute of Advanced Study in Science and Technology (IASST)"
103,"State Council of Educational Research and Training Assam (SCERT Assam)"
104,"Central University of South Bihar (CUSB)"
105,"Dr Rajendra Prasad Central Agricultural University (RPCAU)"
106,"Mahatma Gandhi Central University Bihar (MGCUB)"
107,"Nalanda University"
108,"Aryabhatta Knowledge University (AKU Bihar)"
109,"Babasaheb Bhimrao Ambedkar Bihar University (BRABU)"
110,"Bhupendra Narayan Mandal University (BNMU)"
111,"Bihar Agricultural University (BAU)"
112,"Bihar Animal Sciences University (BASU)"
113,"Chanakya National Law University (CNLU)"
114,"Jai Prakash University (JPU)"
115,"Dev Bhoomi Uttarakhand University"
116,"Kameshwar Singh Darbhanga Sanskrit University (KSDSU)"
117,"Lalit Narayan Mithila University (LNMU)"
118,"Magadh University"
119,"Maulana Mazharul Haque Arabic and Persian University (MMHAPU)"
120,"Munger University"
121,"Nalanda Open University"
122,"Nava Nalanda Mahavihara (NNM)"
123,"Patna University"
124,"Tilka Manjhi Bhagalpur University (TMBU)"
125,"Veer Kunwar Singh University (VKSU)"
126,"Bihar School of Yoga (Bihar Yoga Bharti)"
127,"Amity University"
128,"K K University"
129,"All India Institute of Medical Sciences Patna (AIIMS Patna)"
130,"Indian Institute of Information Technology Bhagalpur (IIIT Bhagalpur)"
131,"Indian Institute of Management Bodh Gaya (IIM Bodh Gaya)"
132,"Indian Institute of Technology Patna (IIT Patna)"
133,"Institute of Hotel Management Hajipur (IHM Hajipur)"
134,"National Institute of Fashion Technology (NIFT)"
135,"National Institute of Pharmaceutical Education and Research Hajipur (NIPER Hajipur)"
136,"National Institute of Technology Patna (NIT Patna)"
137,"Bihar Combined Entrance Competitive Examination Board (BCECE Board)"
138,"Bihar School Examination Board (BSEB)"
139,"Chandigarh University"
140,"National Institute of Technical Teachers Training and Research Chandigarh (NITTTR Chandigarh)"
141,"Central Scientific Instruments Organisation (CSIO)"
142,"State Council of Educational Research and Training (SCERT Chandigarh)"
143,"Guru Ghasidas University (GGU Bilaspur)"
144,"Atal Bihari Vajpayee Bilaspur University (ABVV)"
145,"Chhattisgarh Kamdhenu Vishwavidyalaya (CGKV)"
146,"Chhattisgarh Swami Vivekanand Technical University (CSVTU)"
147,"Durg University"
148,"Hidayatullah National Law University (HNLU)"
149,"Indira Gandhi Agricultural University (IGAU)"
150,"Indira Kala Sangeet Vishwavidyalaya (IKSV)"
151,"Kushabhau Thakre Patrakarita Avam Jansanchar Vishwavidyalaya (KTUJM)"
152,"Pandit Ravishankar Shukla University (PRSU)"
153,"Pandit Sundarlal Sharma University Chhattisgarh (PSSOU)"
154,"Pt Deendayal Upadhyay Memorial Health Sciences and Ayush University of Chhattisgarh"
155,"Sarguja University"
156,"Shaheed Mahendra Karma Vishwavidyalaya (Bastar University)"
157,"Dr C V Raman University"
158,"ICFAI University"
159,"ISBM University"
160,"ITM University"
161,"Kalinga University"
162,"MATS University"
163,"OP Jindal University"
164,"All India Institute of Medical Sciences (AIIMS Bilaspur)"
165,"All India Institute of Medical Sciences Raipur (AIIMS Raipur)"
166,"Kumaun University"
167,"Indian Institute of Handloom Technology Champa (IIHT Chhattisgarh)"
168,"Indian Institute of Management Raipur (IIM Raipur)"
169,"Indian Institute of Technology Bhilai (IIT Bhilai)"
170,"MSME Technology Centre Durg (MSME TECH Durg)"
171,"National Institute of Technology Raipur (NIT Raipur)"
172,"Chhattisgarh Professional Examination Board (CGVYAPAM)"
173,"School of Archival Studies (National Archives of India)"
174,"Central Council for Research in Ayurvedic Sciences (CCRAS)"
175,"Jamia Millia Islamia (JMI)"
176,"Jawaharlal Nehru University (JNU)"
177,"National Institute of Educational Planning and Administration (NIEPA)"
178,"National University of Educational Planning and Administration (NUEPA)"
179,"Rashtriya Ayurveda Vidyapeeth (RAV Delhi)"
180,"South Asian University (SAU)"
181,"University of Delhi (Delhi University)"
182,"Ambedkar University Delhi"
183,"Delhi Pharmaceutical Sciences and Research University (DPSRU)"
184,"Delhi Skill and Entrepreneurship University (DSEU)"
185,"Delhi Technological University (DTU)"
186,"Guru Gobind Singh Indraprastha University (GGSIPU)"
187,"Indira Gandhi Delhi Technical University For Women (IGDTUW)"
188,"National Law University Delhi (NLU Delhi)"
189,"Netaji Subhas University of Technology (NSIT)"
190,"Central Sanskrit University"
191,"Jamia Hamdard"
192,"Shri Lal Bahadur Shastri Rashtriya Sanskrit Vidyapeetha (SLBSRSV)"
193,"TERI University"
194,"International Management Institute Delhi (IMI Delhi)"
195,"All India Institute of Medical Sciences Delhi (AIIMS Delhi)"
196,"Central Board Of Irrigation And Power (CBIP)"
197,"Delhi School of Communication (DSC)"
198,"Indian Agricultural Research Institute (IARI)"
199,"Indian Institute of Foreign Trade (IIFT)"
200,"Indian Institute of Mass Communication (IIMC)"
201,"Indian Institute of Packaging (IIP)"
202,"Indian Institute of Technology Delhi (IIT Delhi)"
203,"Indian Law Institute (ILI)"
204,"Indian Statistical Institute Delhi (ISI Delhi)"
205,"Indraprastha Institute of Information Technology Delhi (IIIT Delhi)"
206,"Institute of Genomics and Integrative Biology (IGIB)"
207,"Institute of Hotel Management Catering and Nutrition Pusa Delhi (IHM Pusa)"
208,"Institute of Liver and Biliary Sciences (ILBS)"
209,"Institute of Rail Transport (IRT)"
210,"LNJN National Institute of Criminology and Forensic Science (NICFS)"
211,"Lok Nayak Jayaprakash Narayan National Institute of Criminology and Forensic Science"
212,"Morarji Desai National Institute of Yoga (MDNIY)"
213,"National Council for Hotel Management and Catering Technology (NCHMCT)"
214,"National Council of Educational Research and Training (NCERT)"
215,"National Institute of Health and Family Welfare (NIHFW)"
216,"National Institute of Immunology (NII)"
217,"National Institute of Plant Genome Research (NIPGR)"
218,"National Institute of Technology Delhi (NIT Delhi)"
219,"National Museum Institute of the History of Art Conservation and Museology (NMIHACM)"
220,"National School of Drama (NSD)"
221,"Pt Deendayal Upadhyaya National Institute For Persons with Physical Disabilities (IPH New Delhi)"
222,"School of Planning and Architecture (SPA Delhi)"
223,"All India Institute of Ayurveda (AIIA)"
224,"Govind Ballabh Pant Institute of Postgraduate Medical Education and Research (GIPMER)"
225,"Indian Council of Historical Research (ICHR)"
226,"National Institute of Malaria Research (NIMR)"
227,"Indian Council of Medical Research (ICMR)"
228,"National Board of Examinations (NBE)"
229,"National Industrial Training Centre (NITC Delhi)"
230,"Goa University"
231,"Gujarat Vidyapith"
232,"CEPT University"
233,"Gujarat Maritime University (GMU)"
234,"Indian Institute of Technology Goa (IIT Goa)"
235,"Indian Institute of Tourism and Travel Management Goa (IITTM Goa)"
236,"Institute for Plasma Research (IPR Gandhinagar)"
237,"National Institute of Technology Goa (NIT Goa)"
238,"Gujarat Secondary and Higher Secondary Education Board (GSEB)"
239,"Central University of Gujarat (CUG)"
240,"Anand Agricultural University (AAU)"
241,"Bhakta Kavi Narsinh Mehta University (BNKMU)"
242,"Birsa Munda Tribal University (BMTU)"
243,"Children University Gujarat"
244,"Dharmsinh Desai University (DDU)"
245,"Dr Babasaheb Ambedkar Open University (BAOU)"
246,"Gujarat Ayurved University (GAU)"
247,"Gujarat National Law University (GNLU)"
248,"Gujarat Technological University (GTU)"
249,"Gujarat University"
250,"Gujarat University of Transplantation Sciences (GUTS)"
251,"Hemchandracharya North Gujarat University (NGU)"
252,"Indian Institute of Teacher Education (IITE Gandhinagar)"
253,"Institute of Infrastructure Technology Research and Management (IITRAM)"
254,"Junagadh Agricultural University (JAU)"
255,"Kamdhenu University (KU Gandhinagar)"
256,"Krantiguru Shyamji Krishna Verma Kachchh University (KSKVKU)"
257,"Maharaja Krishnakumarsinhji Bhavnagar University (MKBU)"
258,"Maharaja Sayajirao University Baroda (MSU Baroda)"
259,"National Forensic Sciences University (NFSU)"
260,"Navsari Agricultural University (NAU)"
261,"Pandit Deendayal Petroleum University (PDPU)"
262,"Rashtriya Raksha University (RRU)"
263,"Sardar Patel University Vallabh Vidyanagar (SPUVVN)"
264,"Sardarkrushinagar Dantiwada Agricultural University (SDAU)"
265,"Saurashtra University"
266,"Shree Somnath Sanskrit University (SSSU)"
267,"Shri Govind Guru University (SGGU)"
268,"State University of Performing and Visual Arts (SUPVA)"
269,"Swarnim Gujarat Sports University (SGSU)"
270,"Veer Narmad South Gujarat University (VNSGU)"
271,"Gati Shakti Vishwavidyalaya (GSV)"
272,"Charotar University of Science and Technology (CHARUSAT)"
273,"Ahmedabad University"
274,"AURO University"
275,"Calorx Teachers University"
276,"Dharamsinh Desai University (DDIT)"
277,"Dhirubhai Ambani Institute of Information and Communication Technology (DA-IICT)"
278,"Ganpat University"
279,"Indrashil University"
280,"Indus University"
281,"ITM Vocational University"
282,"Kadi Sarva Vishwavidyalaya"
283,"Karnavati University"
284,"Marwadi University"
285,"Nirma University"
286,"P P Savani University"
287,"Parul University"
288,"Plastindia International University"
289,"RK University"
290,"Sage University"
291,"Swarnim Startup and Innovation University"
292,"Uka Tarsadia University"
293,"Indian Institute of Information Technology Surat (IIIT Surat)"
294,"Indian Institute of Information Technology Vadodara (IIIT Vadodara)"
295,"Indian Institute of Management Ahmedabad (IIM Ahmedabad)"
296,"Indian Institute of Technology Gandhinagar (IIT Gandhinagar)"
297,"National Institute of Pharmaceutical Education and Research Ahmedabad (NIPER Ahmedabad)"
298,"Sardar Vallabhbhai National Institute of Technology Surat (SVNIT Surat)"
299,"Central University of Haryana (CUH)"
300,"Bhagat Phool Singh Women University Sonepat (BPS Women University)"
301,"Chaudhary Bansi Lal University (CBLU)"
302,"Chaudhary Charan Singh Haryana Agricultural University (CCS HAU)"
303,"Chaudhary Devi Lal University (CDLU)"
304,"Chaudhary Ranbir Singh University (CRSU)"
305,"Deenbandhu Chhotu Ram University of Science and Technology (DCRUSTM)"
306,"Guru Jambheshwar University of Science and Technology (GJUST)"
307,"Gurugram University"
308,"Haryana Institute of Civil Aviation (HICA)"
309,"Indira Gandhi University Meerpur (IGU Meerpur)"
310,"JC Bose University of Science and Technology (YMCA)"
311,"Kurukshetra University"
312,"Lala Lajpat Rai University of Veterinary and Animal Sciences (LUVAS)"
313,"Maharana Pratap Horticultural University (MHU)"
314,"Maharshi Dayanand University Rohtak (MDU Rohtak)"
315,"Pandit Bhagwat Dayal Sharma University of Health Sciences Rohtak (UHSR Rohtak)"
316,"Pandit Lakhmi Chand State University of Performing and Visual Arts (PLC Supva)"
317,"Sardar Patel University Mandi (SPU Mandi)"
318,"Shri Vishwakarma Skill University (SVSU)"
319,"Bharati Vidyapeeth"
320,"Lingyas University"
321,"Maharishi Markandeshwar University Mullana (MMU)"
322,"Manav Rachna International University"
323,"Al-Falah University"
324,"Ansal University"
325,"Apeejay Stya University"
326,"Ashoka University"
327,"Baba Mast Nath University"
328,"BML Munjal University"
329,"GD Goenka University"
330,"Geeta University"
331,"IILM University"
332,"Jagannath University Bahadurgarh"
333,"KR Mangalam University"
334,"MVN University"
335,"NIILM University"
336,"O P Jindal Global University"
337,"PDM University"
338,"Shree Guru Gobind Singh Tricentenary University"
339,"Starex University"
340,"The Northcap University"
341,"Dr BR Ambedkar National Law University (DBRANLU)"
342,"Haryana State Technical Education Society (HSTES)"
343,"Indian Institute of Information Technology Sonepat (IIIT Sonepat)"
344,"Indian Institute of Management Rohtak (IIM Rohtak)"
345,"Institute of Microbial Technology (IMTECH Chandigarh)"
346,"National Institute of Technology Kurukshetra (NIT Kurukshetra)"
347,"Pandit Bhagwat Dayal Sharma Post Graduate Institute of Medical Sciences Rohtak (PGIMS Rohtak)"
348,"Regional Centre for Biotechnology (RCB)"
349,"National Brain Research Centre (NBRC)"
350,"National Council for Cement and Building Materials (NCCBM)"
351,"National Dairy Research Institute (NDRI)"
352,"National Institute of Food Technology Entrepreneurship and Management (NIFTEM)"
353,"Translational Health Science and Technology Institute (THSTI)"
354,"Himachal Pradesh Takniki Shiksha Board (HP Tech Board)"
355,"Central University of Himachal Pradesh (CU Himachal Pradesh)"
356,"Chaudhary Sarwan Kumar Himachal Pradesh Krishi Vishvavidyalaya (CSKHPKV)"
357,"Dr Yashwant Singh Parmar University of Horticulture and Forestry (YSP University)"
358,"Himachal Pradesh Board of School Education (HPBOSE)"
359,"Himachal Pradesh National Law University Shimla (HPNLU Shimla)"
360,"Himachal Pradesh Technical University (HIMTU)"
361,"Himachal Pradesh University (HPU)"
362,"Alakh Prakash Goyal Shimla University"
363,"Arni University"
364,"Baddi University of Emerging Sciences and Technologies (BUEST)"
365,"Bahra University"
366,"Chitkara University"
367,"Eternal University"
368,"IEC University"
369,"Maharaja Agrasen University"
370,"Manav Bharti University"
371,"Shoolini University"
372,"Sri Sai University"
373,"Himalayan Forest Research Institute (HFRI)"
374,"Indian Institute of Information Technology Una (IIIT Una)"
375,"Indian Institute of Management Sirmaur (IIM Sirmaur)"
376,"Indian Institute of Technology Mandi (IIT Mandi)"
377,"National Institute of Technology Hamirpur (NIT Hamirpur)"
378,"Institute of Himalayan Bioresource Technology (IHBT)"
379,"Central University of Jammu (CU Jammu)"
380,"Central University of Kashmir (CUK)"
381,"Shri Mata Vaishno Devi University (SMVDU)"
382,"Baba Ghulam Shah Badshah University (BGSBU)"
383,"Cluster University of Jammu"
384,"Cluster University Srinagar (CU Srinagar)"
385,"Islamic University of Science and Technology (IUST)"
386,"Jammu and Kashmir Board of Professional Entrance Examinations (JK BOPEE)"
387,"Shere Kashmir University of Agricultural Sciences and Technology (SKUAST Kashmir)"
388,"Shere Kashmir University of Agricultural Sciences and Technology Jammu (SKUAST Jammu)"
389,"University of Jammu (Jammu University)"
390,"University of Kashmir (Kashmir University)"
391,"Netaji Subhas University (NSU)"
392,"HEC Training Institute (HTI Ranchi)"
393,"Indian Institute of Management Jammu (IIM Jammu)"
394,"Indian Institute of Technology Jammu (IIT Jammu)"
395,"Jammu Women Govt College (Parade Ground)"
396,"National Institute of Technology Srinagar (NIT Srinagar)"
397,"Central University of Jharkhand (CUJ)"
398,"Binod Bihari Mahto Koyalanchal University (BBMKU)"
399,"Birsa Agricultural University Ranchi (BAU Ranchi)"
400,"Jharkhand Raksha Shakti University (JRSU)"
401,"Kolhan University"
402,"National University of Study and Research in Law Ranchi (NUSRL Ranchi)"
403,"Nilamber Pitamber University (NPU)"
404,"Ranchi University"
405,"Sido Kanhu Murmu University (SKMU)"
406,"Vinoba Bhave University (VBU)"
407,"Ramakrishna Mission Vivekananda Educational and Research Institute (RKMVU)"
408,"Birla Institute of Technology Mesra (BIT Mesra)"
409,"Arka Jain University"
410,"Jharkhand Rai University"
411,"Radha Govind University"
412,"Sai Nath University"
413,"Sarala Birla University (SBU Ranchi)"
414,"Usha Martin University"
415,"Xavier School of Management (XLRI)"
416,"YBN University"
417,"Central Institute of Psychiatry Ranchi (CIP Ranchi)"
418,"Central Tasar Research and Training Institute (CTRTI)"
419,"Indian Institute of Information Technology Ranchi (IIIT Ranchi)"
420,"Indian Institute of Management Ranchi (IIM Ranchi)"
421,"Hemvati Nandan Bahuguna Garhwal University"
422,"Indian Institute of Technology Dhanbad (IIT Dhanbad)"
423,"Indo Danish Tool Room Jamshedpur (IDTR)"
424,"National Institute of Advanced Manufacturing Technology (NIAMT)"
425,"Maya Devi University"
426,"National Institute of Technology Jamshedpur (NIT Jamshedpur)"
427,"Doon University"
428,"Central University of Karnataka (CUK)"
429,"Bangalore University"
430,"Davangere University"
431,"Dr BR Ambedkar School of Economics University (BASE University)"
432,"Gulbarga University (GUG)"
433,"Kannada University"
434,"Karnataka Folklore University"
435,"Karnataka Samskrit University"
436,"Karnataka State Dr Gangubhai Hangal Music and Performing Arts University"
437,"Karnataka State Law University (KSLU)"
438,"Karnataka State Open University (KSOU)"
439,"Karnataka State Rural Development and Panchayat Raj University (KSRDPRU)"
440,"Karnataka State Women University (KSWU)"
441,"Karnataka University"
442,"Karnataka Veterinary Animal and Fisheries Sciences University (KVAFSU)"
443,"Kuvempu University"
444,"Mangalore University"
445,"National Law School of India University Bengaluru (NLSIU)"
446,"Rajiv Gandhi University of Health Sciences (RGUHS)"
447,"Rani Channamma University (RCUB)"
448,"Tumkur University"
449,"University of Agricultural and Horticultural Sciences Shimoga (UHS Shimoga)"
450,"University of Agricultural Sciences Bangalore (UAS Bangalore)"
451,"University of Agricultural Sciences Dharwad (UAS Dharwad)"
452,"University of Agricultural Sciences Raichur (UAS Raichur)"
453,"University of Horticultural Sciences Bagalkot (UHS Bagalkot)"
454,"University of Mysore (Uni Mysore)"
455,"Vijayanagara Sri Krishnadevaraya University (VSKU)"
456,"Visvesvaraya Technological University (VTU)"
457,"Indian Institute of Science Bangalore (IISC)"
458,"Jawaharlal Nehru Centre for Advanced Scientific Research (JNCASR)"
459,"BLDE University"
460,"Christ University"
461,"Jagadguru Sri Shivarathreeswara University (JSS University)"
462,"Jain University"
463,"KLE University"
464,"Manipal University"
465,"Narsee Monjee Institute of Management Studies (NMIMS)"
466,"Nitte University"
467,"Sri Devaraj Urs Academy of Higher Education and Research"
468,"Sri Siddhartha Academy of Higher Education"
469,"Swami Vivekananda Yoga Anusandhana Samsthana (SVYASA)"
470,"Yenepoya University"
471,"Alliance University"
472,"Azim Premji University"
473,"CMR University"
474,"Dayananda Sagar University (DSU)"
475,"M S Ramaiah University of Applied Sciences"
476,"PES University (PESU)"
477,"Presidency University Bangalore"
478,"Rai Technology University"
479,"REVA University"
480,"The University of Trans-Disciplinary Health Sciences and Technology (TDU)"
481,"All India Institute of Speech and Hearing (AIISH Mysore)"
482,"Army Institute of Fashion and Design (AIFD)"
483,"Army Institute of Hotel Management and Catering Technology (AIHMCT)"
484,"Central Institute of Indian Languages (CIIL Mysore)"
485,"Centre for Nano and Soft Matter Sciences (CeNS)"
486,"Indian Institute of Information Technology Dharwad (IIIT Dharwad)"
487,"Indian Institute of Management Bangalore (IIM Bangalore)"
488,"Indian Institute of Plantation Management Bangalore (IIPM Bangalore)"
489,"Indian Institute of Technology Dharwad (IIT Dharwad)"
490,"Indian Plywood Industries Research and Training Institute (IPIRTI)"
491,"Indian Statistical Institute Bangalore (ISI Bangalore)"
492,"Institute of Social and Economic Change (ISEC)"
493,"International Institute of Information Technology Bangalore (IIIT Bangalore)"
494,"International Institute of Information Technology Naya Raipur (IIIT Naya Raipur)"
495,"Karnataka Handloom Technology Institute Gadag (KHTI Gadag)"
496,"National Institute of Mental Health and Neurosciences (NIMHANS)"
497,"National Institute of Technology Surathkal (NIT Surathkal)"
498,"Raman Research Institute Bangalore (RRI Bangalore)"
499,"Central Food Technological Research Institute (CFTRI)"
500,"Coffee Board"
501,"Indian Institute of Astrophysics (IIAP)"
502,"Institute of Wood Science and Technology (IWST)"
503,"Karnataka Examinations Authority (KEA)"
504,"Central University of Kerala (CU Kerala)"
505,"Cochin University of Science and Technology (CUSAT)"
506,"Kannur University"
507,"Kerala Agricultural University (KAU)"
508,"Kerala University"
509,"Kerala University of Digital Sciences Innovation and Technology (Digital University Kerala)"
510,"Kerala University of Fisheries and Ocean Studies (KUFOS)"
511,"Kerala University of Health Sciences (KUHS)"
512,"Kerala Veterinary and Animal Sciences University (KVASU)"
513,"Mahatma Gandhi University Kerala (MGU Kerala)"
514,"National University of Advanced Legal Studies (NUALS)"
515,"Sree Sankaracharya University of Sanskrit (SSUS)"
516,"Thunchath Ezhuthachan Malayalam University"
517,"University of Calicut"
518,"Kerala Kalamandalam"
519,"Darul Huda Islamic University (DHIU)"
520,"Association of the Managements of Christian Self Financing Nursing Colleges of Kerala (AMCSFNCK)"
521,"Fertilisers and Chemicals Travancore Limited Training Centre (FACT)"
522,"Indian Institute of Handloom Technology Kannur (IIHT Kannur)"
523,"Indian Institute of Information Technology Kottayam (IIIT Kottayam)"
524,"Indian Institute of Management Kozhikode (IIM Kozhikode)"
525,"Indian Institute of Science Education and Research Thiruvananthapuram (IISER Thiruvananthapuram)"
526,"Indian Institute of Space Science and Technology (IIST)"
527,"Indian Institute of Technology Palakkad (IIT Palakkad)"
528,"Kerala State Institute of Design (KSID)"
529,"LBS Centre for Science and Technology (LBS Centre)"
530,"National Institute of Technology Calicut (NIT Calicut)"
531,"Sree Chitra Tirunal Institute for Medical Sciences and Technology (SCTIMST)"
532,"National Institute of Speech and Hearing (NISH)"
533,"Rajiv Gandhi Centre for Biotechnology (RGCB)"
534,"Commissioner of Entrance Examinations (CEE Kerala)"
535,"District Institute of Education and Training Lakshadweep (DIET Lakshadweep)"
536,"Kavaratti Institute of Paramedical Sciences"
537,"Dr Hari Singh Gour University (DHSGSU)"
538,"Indira Gandhi National Tribal University (IGNTU)"
539,"Atal Bihari Vajpayee Hindi Vishwavidyalaya (ABVHV)"
540,"Awadhesh Pratap Singh University (APSU)"
541,"Barkatullah University"
542,"Devi Ahilya University (DAUNIV)"
543,"Dr BR Ambedkar University of Social Sciences (BRAUSS)"
544,"Jawaharlal Nehru Krishi Vishwavidyalaya (JNKVV)"
545,"Jiwaji University"
546,"Madhya Pradesh Bhoj Open University (MPBOU)"
547,"Madhya Pradesh Medical Science University (MPMSU)"
548,"Maharaja Chhatrasal Bundelkhand University Chhatarpur (MCBU Chhatarpur)"
549,"Maharishi Mahesh Yogi Vedic University (MMYVU)"
550,"Maharishi Panini Sanskrit Evam Vedic Vishwavidyalaya (MPSVV Ujjain)"
551,"Maharishi Sandipani Rashtriya Ved Vidya Pratishthan (MSRVVP)"
552,"Mahatma Gandhi Chitrakoot Gramoday Vishwavidyalaya (MGCGV Chitrakoot)"
553,"Makhanlal Chaturvedi Rashtriya Patrakarita Avam Sanchar Vishwavidyalaya (MCU Bhopal)"
554,"Nanaji Deshmukh Veterinary Science University (NDVSU)"
555,"National Law Institute University (NLIU Bhopal)"
556,"North Eastern Indira Gandhi Regional Institute of Health and Medical Sciences (NEIGRIHMS)"
557,"Raja Mansingh Tomar Music and Arts University"
558,"Rajiv Gandhi Proudyogiki Vishwavidyalaya (RGPV)"
559,"Rajmata Vijayaraje Scindia Krishi Vishwa Vidyalaya (RVSKVV)"
560,"Rani Durgavati Vishwavidyalaya (RDV Jabalpur)"
561,"Sanchi University of Buddhist Indic Studies (Sanchi University)"
562,"Vikram University Ujjain"
563,"National Institute of Construction Management and Research (NICMAR)"
564,"MGM University of Health Sciences Mumbai (MGMUHS)"
565,"AISECT University"
566,"AKS University"
567,"G H Raisoni University"
568,"IES University"
569,"ITM University Gwalior"
570,"Jagran Lakecity University"
571,"Mandsaur University"
572,"Mangalayatan University Jabalpur"
573,"Oriental University"
574,"Peoples University Bhopal"
575,"PK University"
576,"Rabindranath Tagore University (RNTU Bhopal)"
577,"RKDF University"
578,"Sarvepalli Radhakrishnan University (SRKU)"
579,"Swami Vivekanand University (SVNU Sagar)"
580,"Techno Global University"
581,"All India Institute of Medical Sciences Bhopal (AIIMS Bhopal)"
582,"Atal Bihari Vajpayee Indian Institute of Information Technology and Management Gwalior (IIITM Gwalior)"
583,"Directorate of Technical Education Maharashtra (DTE Maharashtra)"
584,"Footwear Design and Development Institute (FDDI)"
585,"Indian Institute of Forest Management (IIFM Bhopal)"
586,"Indian Institute of Information Technology Bhopal (IIIT Bhopal)"
587,"Indian Institute of Information Technology Design and Manufacturing Jabalpur (IIITDM Jabalpur)"
588,"Indian Institute of Management Indore (IIM Indore)"
589,"Indian Institute of Science Education and Research Bhopal (IISER Bhopal)"
590,"Indian Institute of Technology Indore (IIT Indore)"
591,"Indian Institute of Tourism and Travel Management Bhubaneswar (IITTM Bhubaneswar)"
592,"Indian Institute of Tourism and Travel Management Gwalior (IITTM Gwalior)"
593,"Institute of Hotel Management Catering Technology and Applied Nutrition Mumbai (IHMCTAN Mumbai)"
594,"Institute of Hotel Management Gwalior (IHM Gwalior)"
595,"Jabalpur Engineering College (JEC)"
596,"Lakshmibai National University of Physical Education (LNIPE)"
597,"Maulana Azad National Institute of Technology (MANIT Bhopal)"
598,"MSME Technology Centre Bhopal"
599,"National Institute of Technical Teachers Training and Research Bhopal (NITTTR Bhopal)"
600,"Regional Institute of Education Bhopal (RIE Bhopal)"
601,"School of Planning and Architecture Bhopal (SPA Bhopal)"
602,"Madhya Pradesh Employees Selection Board (MPESB)"
603,"Mahatma Gandhi Antarrashtriya Hindi Vishwavidyalaya (MGAHV)"
604,"Dr Babasaheb Ambedkar Marathwada University (BAMU)"
605,"Dr Babasaheb Ambedkar Technological University (DBATU)"
606,"Dr Balasaheb Sawant Konkan Krishi Vidyapeeth (DBSKKV)"
607,"Dr Homi Bhabha State University"
608,"Dr Panjabrao Deshmukh Krishi Vidyapeeth Akola (PDKV)"
609,"Gondwana University"
610,"HSNC University"
611,"Kavayitri Bahinabai Chaudhari North Maharashtra University (NMU)"
612,"Kavikulaguru Kalidas Sanskrit University (KKSU)"
613,"Maharashtra Animal and Fishery Sciences University (MAFSU)"
614,"Maharashtra National Law University Aurangabad (MNLU Aurangabad)"
615,"Maharashtra National Law University Mumbai (MNLU Mumbai)"
616,"Maharashtra National Law University Nagpur (MNLU Nagpur)"
617,"Maharashtra University of Health Sciences (MUHS)"
618,"Mahatma Phule Krishi Vidyapeeth (MPKV)"
619,"Rashtrasant Tukadoji Maharaj Nagpur University (RTMNU)"
620,"Sant Gadge Baba Amravati University (SGBAU)"
621,"Savitribai Phule Pune University (SBPPU)"
622,"Shivaji University"
623,"Shreemati Nathibai Damodar Thackersey Women University (SNDT University)"
624,"Solapur University"
625,"Swami Ramanand Teerth Marathwada University (SRTMUN)"
626,"University of Mumbai (Mumbai University)"
627,"Vasantrao Naik Marathwada Krishi Vidyapeeth (VNMKV)"
628,"Yashwantrao Chavan Maharashtra Open University (YCMOU)"
629,"Defence Institute of Advanced Technology (DIAT Pune)"
630,"Homi Bhabha National Institute (HBNI)"
631,"Indira Gandhi Institute of Development Research (IGIDR)"
632,"Institute of Chemical Technology Mumbai (ICT Mumbai)"
633,"International Institute for Population Sciences (IIPS)"
634,"Tata Institute of Fundamental Research (TIFR)"
635,"Tata Institute of Social Sciences (TISS)"
636,"Tilak Maharashtra University (TMU)"
637,"Chinmaya Vishwavidyapeeth"
638,"Datta Meghe Institute of Medical Sciences (DMIMSU)"
639,"Deccan College Post-Graduate and Research Institute"
640,"DY Patil University"
641,"Gokhale Institute of Politics and Economics (GIPE)"
642,"Krishna Institute of Medical Sciences (KIMS)"
643,"MGM University of Health Sciences"
644,"Pravara Institute of Medical Sciences"
645,"Symbiosis International University"
646,"Ajeenkya D Y Patil University (ADYPU)"
647,"Akhil Bharatiya Gandharva Mahavidyalaya Mandal (ABGMVM)"
648,"Apex University"
649,"Chhatrapati Shivaji Maharaj University (CSMU)"
650,"FLAME University"
651,"Indian Institute of Science Education and Research Pune (IISER Pune)"
652,"MIT - ADT University"
653,"Sandip University"
654,"SP Jain Institute of Management and Research (SPJIMR)"
655,"Tolani Maritime Institute (TMI Pune)"
656,"Whistling Woods International"
657,"Academy of Scientific and Innovative Research (AcSIR)"
658,"Ali Yavar Jung National Institute of Speech and Hearing Disabilities (AYJNIHH Mumbai)"
659,"All India Institute of Physical Medicine and Rehabilitation (AIIPMR)"
660,"Bhabha Atomic Research Centre (BARC)"
661,"Homi Bhabha Centre for Science Education (HBCSE)"
662,"Indian Institute of Banking and Finance (IIBF)"
663,"Indian Institute of Information Technology Nagpur (IIIT Nagpur)"
664,"Indian Institute of Information Technology Pune (IIIT Pune)"
665,"Indian Institute of Management Mumbai (IIM Mumbai)"
666,"Indian Institute of Management Nagpur (IIM Nagpur)"
667,"Indian Institute of Technology Bombay (IIT Bombay)"
668,"Indo German Tool Room (IGTR Aurangabad)"
669,"National Academy of Defence Production (NADP Nagpur)"
670,"National Fire Service College (NFSC Nagpur)"
671,"National Institute For Research in Reproductive Health (NIRRH)"
672,"National Institute of Abiotic Stress Management (NIASM)"
673,"National Institute of Bank Management (NIBM Pune)"
674,"National Institute of Securities Markets (NISM)"
675,"National Insurance Academy (NIA Pune)"
676,"Tata Memorial Centre Hospital (TMC Hospital)"
677,"Vaikunth Mehta National Institute of Cooperative Management (VAMNICOM)"
678,"Visvesvaraya National Institute of Technology (VNIT Nagpur)"
679,"Central Institute of Fisheries Education (CIFE)"
680,"Indian Institute of Geomagnetism (IIGM)"
681,"Inter University Centre for Astronomy and Astrophysics (IUCAA)"
682,"Central Agricultural University (CAU)"
683,"Manipur University"
684,"National Sports University Manipur (NSU Manipur)"
685,"Manipur Technical University"
686,"Manipur University Of Culture (MUC)"
687,"Sangai International University (SIU Manipur)"
688,"Indian Institute of Information Technology Manipur (IIIT Manipur)"
689,"National Institute of Technology Manipur (NIT Manipur)"
690,"English and Foreign Languages University (EFL)"
691,"North Eastern Hill University (NEHU)"
692,"CMJ University"
693,"Mahatma Gandhi University Meghalaya (MGU Meghalaya)"
694,"Martin Luther Christian University (MLCU)"
695,"University of Science and Technology (USTM)"
696,"University of Technology and Management (UTM)"
697,"William Carey University (WCU Shillong)"
698,"Indian Institute of Management Shillong (IIM Shillong)"
699,"National Institute of Technology Meghalaya (NIT Meghalaya)"
700,"National Law University Meghalaya (NLU Meghalaya)"
701,"North East Regional Institute of Education (NERIE)"
702,"Directorate of Educational Research and Training Meghalaya (DERT Meghalaya)"
703,"Mizoram University (MZU)"
704,"National Institute of Technology Mizoram (NIT Mizoram)"
705,"Nagaland University"
706,"Global Open University"
707,"St Joseph University Nagaland"
708,"National Institute of Technology Nagaland (NIT Nagaland)"
709,"Indira Gandhi National Open University (IGNOU)"
710,"Central University of Orissa (CU Orissa)"
711,"All India Institute of Medical Sciences Bhubaneswar (AIIMS Bhubaneswar)"
712,"Berhampur University"
713,"Biju Patnaik University of Technology (BPUT)"
714,"Fakir Mohan University (FMU)"
715,"Gangadhar Meher University (GMU Sambalpur)"
716,"Khallikote University"
717,"Maharaja Sriram Chandra Bhanjadeo University (MSCBU)"
718,"National Law University Odisha (NLUO)"
719,"Odisha State Open University (OSOU)"
720,"Orissa University of Agriculture and Technology (OUAT)"
721,"Rama Devi Women University"
722,"Ravenshaw University"
723,"Sambalpur University"
724,"Shri Jagannath Sanskrit Vishvavidyalaya (SJSV)"
725,"Utkal University"
726,"Utkal University of Culture (UUC)"
727,"Veer Surendra Sai University of Technology (VSSUT)"
728,"Kalinga Institute of Industrial Technology (KIIT)"
729,"Kalinga Institute of Social Sciences (KISS)"
730,"Siksha O Anusandhan"
731,"ASBM University"
732,"Birla Global University (BGU)"
733,"Centurion University"
734,"International Management Institute Bhubaneswar (IMI Bhubaneswar)"
735,"Sri Sri University"
736,"Xavier University Bhubaneswar"
737,"Central Tool Room and Training Centre (CTTC Bhubaneswar)"
738,"Indian Institute of Handloom Technology Bargarh (IIHT Bargarh)"
739,"Indian Institute of Management Sambalpur (IIM Sambalpur)"
740,"Indian Institute of Science Education and Research Berhampur (IISER Berhampur)"
741,"Indian Institute of Technology Bhubaneswar (IIT Bhubaneswar)"
742,"Institute of Hotel Management Bhubaneswar (IHM Bhubaneswar)"
743,"Institute of Life Sciences Bhubaneswar (ILS Bhubaneswar)"
744,"Institute of Mathematics and Applications Bhubaneswar (IOMA Bhubaneswar)"
745,"International Institute of Information Technology Bhubaneswar (IIIT Bhubaneswar)"
746,"National Institute of Science Education and Research (NISER)"
747,"National Institute of Technology Rourkela (NIT Rourkela)"
748,"Regional Institute of Education Bhubaneswar (RIE Bhubaneswar)"
749,"Swami Vivekanand National Institute of Rehabilitation Training and Research (SVNIRTAR Cuttack)"
750,"Institute of Physics Bhubaneswar (IOPB)"
751,"Regional Medical Research Centre Bhubaneswar (RMRC Bhubaneswar)"
752,"State Selection Board Odisha (SSB Odisha)"
753,"Pondicherry University"
754,"Sri Balaji Vidyapeeth (SBV)"
755,"Pondicherry Institute of Medical Sciences (PIMS)"
756,"Indira Gandhi Medical College and Research Institute (IGMCRI)"
757,"Jawaharlal Institute of Postgraduate Medical Education and Research (JIPMER)"
758,"National Institute of Technology Puducherry (NIT Puducherry)"
759,"Central University of Punjab (CUP)"
760,"Baba Farid University of Health Sciences (BFUHS)"
761,"Guru Angad Dev Veterinary and Animal Sciences University (GADVASU)"
762,"Guru Nanak Dev University (GNDU)"
763,"Guru Ravidas Ayurved University (GRAU Punjab)"
764,"I K Gujral Punjab Technical University (IKGPTU)"
765,"Jagat Guru Nanak Dev Punjab State Open University (PSOU)"
766,"Maharaja Ranjit Singh Punjab Technical University (MRSPTU)"
767,"Panjab University"
768,"Punjab Agricultural University (PAU)"
769,"Punjabi University"
770,"Rajiv Gandhi National University of Law (RGNUL)"
771,"Sardar Beant Singh State University (SBSSU Gurdaspur)"
772,"Sant Longowal Institute of Engineering and Technology (SLIET Longowal)"
773,"Thapar Institute of Engineering and Technology"
774,"Adesh University"
775,"Akal University"
776,"CT University"
777,"Desh Bhagat University"
778,"GNA University"
779,"Guru Kashi University"
780,"Lovely Professional University (LPU)"
781,"Rayat Bahra University"
782,"Sant Baba Bhag Singh University"
783,"Sri Guru Granth Sahib World University"
784,"Army College of Nursing Jalandhar (ACN Jalandhar)"
785,"Army Institute of Law (AIL Mohali)"
786,"Dr B R Ambedkar National Institute of Technology Jalandhar (NIT Jalandhar)"
787,"Indian Institute of Management Amritsar (IIM Amritsar)"
788,"Indian Institute of Science Education and Research Mohali (IISER Mohali)"
789,"Indian Institute of Technology Ropar (IIT Ropar)"
790,"Institute of Hotel Management Gurdaspur (IHM Gurdaspur)"
791,"Institute of Nano Science and Technology Mohali (INST Mohali)"
792,"National Agri Food Biotechnology Institute (NABI)"
793,"National Institute of Pharmaceutical Education and Research (NIPER Mohali)"
794,"Netaji Subhas National Institute of Sports (NIS Patiala)"
795,"Post Graduate Institute of Medical Education and Research Chandigarh (PGIMER Chandigarh)"
796,"Central University of Rajasthan (CURAJ)"
797,"Agriculture University Jodhpur"
798,"Agriculture University Kota"
799,"All India Institute of Medical Sciences Jodhpur (AIIMS Jodhpur)"
800,"Dr Sarvepalli Radhakrishnan Rajasthan Ayurved University Jodhpur (RAU Jodhpur)"
801,"Govind Guru Tribal University (GGTU)"
802,"Haridev Joshi University of Journalism and Mass Communication (HJUJ)"
803,"Jagadguru Ramanandacharya Rajasthan Sanskrit University"
804,"Jai Narain Vyas University (JNVU)"
805,"Maharaja Ganga Singh University (MGSU)"
806,"Maharaja Surajmal Brij University (MSBU)"
807,"Maharana Pratap University of Agriculture and Technology (MPUAT)"
808,"Maharshi Dayanand Saraswati University (MDSU)"
809,"Mohanlal Sukhadia University (MLSU)"
810,"National Law University Jodhpur (NLU Jodhpur)"
811,"Pandit Deendayal Upadhyaya Shekhawati University (PDUSU)"
812,"Raj Rishi Bhartrihari Matsya University (RRBMU)"
813,"Rajasthan Sports University"
814,"Rajasthan Technical University (RTU)"
815,"Rajasthan University of Health Sciences (RUHS)"
816,"Rajasthan University of Veterinary and Animal Sciences (RAJUVAS)"
817,"Sardar Patel University of Police Security and Criminal Justice"
818,"Sri Karan Narendra Agriculture University (SKNAU)"
819,"Swami Keshwanand Rajasthan Agricultural University (SKRAU)"
820,"University of Kota (UOK)"
821,"University of Rajasthan (UNIRAJ)"
822,"Vardhaman Mahaveer Open University (VMOU)"
823,"Banasthali Vidyapith"
824,"Birla Institute of Technology and Science Pilani (BITS Pilani)"
825,"IIS University Jaipur"
826,"Institute of Advanced Studies in Education"
827,"Jain Vishva Bharati University (JVBI)"
828,"Janardan Rai Nagar Rajasthan Vidyapeeth University"
829,"LNM Institute of Information Technology (LNMIIT)"
830,"Bhagwant University"
831,"Career Point University Kota"
832,"Dr KNModi University"
833,"Geetanjali University"
834,"Jagannath University Jaipur"
835,"Jaipur National University"
836,"Jayoti Vidyapeeth Womens University"
837,"JECRC University"
838,"JK Lakshmipat University"
839,"Jodhpur National University"
840,"Madhav University"
841,"Maharishi Arvind University"
842,"Mewar University"
843,"Mody University"
844,"NIIT University"
845,"NIMS University"
846,"Nirwan University"
847,"OPJS University"
848,"Pacific University Udaipur"
849,"Poornima University"
850,"RNB Global University"
851,"Sangam University"
852,"Shri Jagdishprasad Jhabrmal Tibrewala University"
853,"Shridhar University"
854,"Singhania University"
855,"Sir Padampat Singhania University (SPSU)"
856,"Suresh Gyan Vihar University (SGVU)"
857,"Vivekananda Global University"
858,"Indian Institute of Crafts and Design (IICD Jaipur)"
859,"Indian Institute of Handloom Technology Jodhpur (IIHT Jodhpur)"
860,"Indian Institute of Information Technology Kota (IIIT Kota)"
861,"Indian Institute of Management Udaipur (IIM Udaipur)"
862,"Indian Institute of Technology Jodhpur (IIT Jodhpur)"
863,"Malaviya National Institute of Technology Jaipur (MNIT Jaipur)"
864,"National Institute of Ayurveda Jaipur (NIA Jaipur)"
865,"Regional Institute of Education Ajmer (RIE Ajmer)"
866,"Central Electronics Engineering Research Institute (CEERI)"
867,"Sikkim University"
868,"Eastern Institute for Integrated Learning in Management University"
869,"Sikkim Manipal University"
870,"Sikkim Professional University"
871,"National Institute of Technology Sikkim (NIT Sikkim)"
872,"National Law University Sikkim (NLU Sikkim)"
873,"Central University of Tamil Nadu (CUTN)"
874,"National Institute for Empowerment of Persons with Multiple Disablities (NIEPMD)"
875,"Alagappa University"
876,"Anna University (AU Chennai)"
877,"Annamalai University"
878,"Bharathiar University"
879,"Bharathidasan University (BDU Tiruchirappalli)"
880,"Madurai Kamaraj University (MKU)"
881,"Manonmaniam Sundaranar University"
882,"Mother Teresa Womens University (MTWU)"
883,"Periyar University"
884,"Tamil Nadu Agricultural University (TNAU)"
885,"Tamil Nadu Dr Ambedkar Law University (TNDALU)"
886,"Tamil Nadu Dr J Jayalalithaa Fisheries University (TNJFU)"
887,"Tamil Nadu Dr MGR Medical University (TNMGRMU)"
888,"Tamil Nadu Horticulture University (TNHU)"
889,"Tamil Nadu Music and Fine Arts University (TNMAFU)"
890,"Tamil Nadu Open University (TNOU)"
891,"Tamil Nadu Physical Education and Sports University (TNPESU)"
892,"Tamil Nadu Teachers Education University (TNTEU)"
893,"Tamil Nadu Veterinary and Animal Sciences University (TANUVAS)"
894,"Tamil University"
895,"Thiruvalluvar University"
896,"University of Madras (UNOM)"
897,"Avinashilingam University"
898,"Chennai Mathematical Institute (CMI)"
899,"Gandhigram Rural Institute (GRI)"
900,"AMET University"
901,"Bharath University"
902,"Chettinad Academy of Research and Education (CARE)"
903,"Dr MGR Educational and Research Institute"
904,"Hindustan Institute of Technology and Science (HITS)"
905,"Karpagam Academy of Higher Education (KAHE)"
906,"Karunya University"
907,"Noorul Islam University"
908,"Periyar Maniammai University"
909,"Ponnaiyah Ramajayam Institute of Science and Technology (PRIST University)"
910,"SASTRA University"
911,"Sathyabama University"
912,"Sri Chandrasekharendra Saraswathi Viswa Mahavidyalaya"
913,"Sri Ramachandra Medical College and Research Institute"
914,"St Peter Institute of Higher Education and Research (SPIHER)"
915,"Vel Tech Rangarajan Dr Sagunthala RD Institute of Science and Technology (Vel Tech University)"
916,"Vellore Institute of Technology (VIT University)"
917,"Vels University"
918,"Vinayaka Missions Research Foundation (VMRF)"
919,"Amrita Vishwa Vidyapeetham"
920,"Bharat University"
921,"BS Abdur Rahman Crescent - Institute of Science"
922,"Divine Hands International University (DHIU)"
923,"Kalasalingam University"
924,"Meenakshi Academy of Higher Education and Research"
925,"MGR Educational and Research Institute"
926,"Saveetha University"
927,"Woxsen University"
928,"Central Electrochemical Research Institute (CECRI)"
929,"Central Institute of Petrochemicals Engineering and Technology (CIPET)"
930,"Centre for Economic and Social Studies (CESS)"
931,"Christian Medical College and Hospital Vellore (CMCH Vellore)"
932,"Indian Institute of Handloom Technology Salem (IIHT Salem)"
933,"Indian Institute of Information Technology Design and Manufacturing Kancheepuram (IIITDM Kancheepuram)"
934,"Indian Institute of Information Technology Tiruchirappalli (IIIT Tiruchirappalli)"
935,"Indian Institute of Management Tiruchirappalli (IIM Tiruchirappalli)"
936,"Indian Institute of Technology Madras (IIT Madras)"
937,"Indian Statistical Institute Chennai (ISI Chennai)"
938,"Institute of Mathematical Sciences (IMSC)"
939,"Madras Institute of Development Studies (MIDS)"
940,"Madras School of Economics (MSE)"
941,"National Institute of Technical Teachers Training and Research Chennai (NITTTR Chennai)"
942,"National Institute of Technology Tiruchirappalli (NIT Trichy)"
943,"National Instructional Media Institute (NIMI)"
944,"Rajiv Gandhi National Institute of Youth Development (RGNIYD)"
945,"Regional Institute of Education Mysore (RIE Mysore)"
946,"Sardar Vallabhbhai Patel International School Of Textiles and Management (SVPISTM)"
947,"Tamil Nadu National Law School (TNNLS)"
948,"Tamil Virtual Academy"
949,"Central Institute of Brackishwater Aquaculture (CIBA)"
950,"Central Leather Research Institute (CLRI)"
951,"Indian Institute of Food Processing Technology (IIFPT)"
952,"National Board of Examination in Rehabilitation (NBER)"
953,"Tripura Board of Joint Entrance Examination (TBJEE)"
954,"Maulana Azad National Urdu University (MANUU)"
955,"University of Hyderabad (UOHYD)"
956,"Dr B R Ambedkar Open University (BRAOU)"
957,"Jamia Nizamia"
958,"Kakatiya University"
959,"Kaloji Narayana Rao University of Health Sciences (KNRUHS)"
960,"Mahatma Gandhi University Nalgonda (MGU Nalgonda)"
961,"National Academy of Legal Study and Research University of Law Hyderabad (NALSAR)"
962,"Osmania University"
963,"Palamuru University"
964,"Potti Sreeramulu Telugu University"
965,"Professor Jayashankar Telangana State Agricultural University (PJTSAU)"
966,"PV Narasimha Rao Telangana Veterinary University (PVNRTVU)"
967,"Satavahana University"
968,"Sri Konda Laxman Telangana State Horticultural University (SKLTSHU)"
969,"Telangana University"
970,"Indian Institute of Technology Hyderabad (IIT Hyderabad)"
971,"Indian Statistical Institute Hyderabad (ISI Hyderabad)"
972,"International Institute of Information Technology Hyderabad (IIIT Hyderabad)"
973,"Jawaharlal Nehru Architecture and Fine Arts University (JNAFAU)"
974,"National Academy of Construction (NAC)"
975,"National Institute for the Empowerment of Persons with Intellectual Disabilities (NIEPID)"
976,"National Institute of Animal Biotechnology (NIAB)"
977,"National Institute of Pharmaceutical Education and Research Hyderabad (NIPER Hyderabad)"
978,"National Institute of Technology Warangal (NIT Warangal)"
979,"Nizam Institute of Medical Sciences (NIMS)"
980,"Telangana Social Welfare Residential Educational Institutions Society (TSWREIS)"
981,"Centre for Cellular and Molecular Biology (CCMB)"
982,"Centre for DNA Fingerprinting and Diagnostics (CDFD)"
983,"Indian Institute of Chemical Technology (IICT)"
984,"Indian Institute of Millets Research (IIMR)"
985,"National Academy of Agricultural Research Management (NAARM)"
986,"National Geophysical Research Institute (NGRI)"
987,"National Institute of Agricultural Extension Management (MANAGE)"
988,"National Institute of Nutrition (NIN Hyderabad)"
989,"National Institute of Plant Health Management (NIPHM)"
990,"National Institute of Rural Development and Panchayati Raj Hyderabad (NIRD)"
991,"Telangana State Council of Higher Education (TSCHE)"
992,"Telangana Tribal Welfare Residential Educational Institutions Society (TTWREIS)"
993,"Tripura University"
994,"Agartala Government Medical College"
995,"Maharaja Bir Bikram University (MBBU)"
996,"National Institute of Technology Agartala (NIT Agartala)"
997,"National Law University Tripura (NLU Tripura)"
998,"Aligarh Muslim University (AMU)"
999,"Babasaheb Bhimrao Ambedkar University (BBAU)"
1000,"Banaras Hindu University (BHU)"
1001,"Indira Gandhi Rashtriya Uran Akademi (IGRUA)"
1002,"Rajiv Gandhi National Aviation University (RGNAU)"
1003,"Rani Lakshmi Bai Central Agricultural University (RLBCAU)"
1004,"University of Allahabad"
1005,"Acharya Narendra Dev University of Agriculture and Technology (NDUAT)"
1006,"Atal Bihari Vajpayee Medical University (ABVMU)"
1007,"Banda University of Agriculture and Technology (BUAT)"
1008,"Bundelkhand University"
1009,"Chandra Shekhar Azad University of Agriculture and Technology (CSAUK)"
1010,"Chaudhary Charan Singh University (CCS University)"
1011,"Chhatrapati Shahu Ji Maharaj University Kanpur (CSJMU Kanpur)"
1012,"Deen Dayal Upadhyay Gorakhpur University (DDUGU)"
1013,"Dr APJ Abdul Kalam Technical University (AKTU)"
1014,"Dr Bhim Rao Ambedkar University (DBRAU)"
1015,"Dr Ram Manohar Lohia Avadh University (RMLAU)"
1016,"Dr Shakuntala Misra National Rehabilitation University (DSMRU)"
1017,"Gautam Buddha University (GBU)"
1018,"Harcourt Butler Technical University (HBTU)"
1019,"Jananayak Chandrashekhar University (JNCU)"
1020,"Khwaja Moinuddin Chishti Urdu Arabi Farsi University"
1021,"King Georges Medical University (KGMU)"
1022,"Maa Shakumbhari University (MSU Saharanpur)"
1023,"Madan Mohan Malaviya University of Technology (MMMUT)"
1024,"Maharaja Suhel Dev State University Azamgarh (MSDSU)"
1025,"Mahatma Gandhi Kashi Vidyapith (MGKVP)"
1026,"Mahatma Jyotiba Phule Rohilkhand University (MJPRU)"
1027,"Prof Rajendra Singh University (Rajju Bhaiya University Prayagraj)"
1028,"Ram Manohar Lohiya National Law University (RMLNLU)"
1029,"Sampurnanand Sanskrit University (SSVV)"
1030,"Sardar Vallabhbhai Patel University of Agriculture and Technology (SVBP Meerut)"
1031,"Siddharth University"
1032,"University of Lucknow (Lucknow University)"
1033,"UP Pt Deen Dayal Upadhyay Pashu Chikitsa Vigyan Vishwavidyalaya Evam Go-Ansundhan Sansthan (UPVETUNIV)"
1034,"Uttar Pradesh Rajarshi Tandon Open University (UPRTOU)"
1035,"Uttar Pradesh University of Medical Sciences (UPUMS)"
1036,"Veer Bahadur Singh Purvanchal University (VBSPU)"
1037,"Central University for Tibetan Studies (CUTS)"
1038,"Indian Veterinary Research Institute (IVRI)"
1039,"Sam Higginbottom Institute of Agriculture Technology and Sciences (SHUATS)"
1040,"Bhatkhande Music Institute"
1041,"Dayalbagh Educational Institute"
1042,"Jaypee University of Information Technology"
1043,"Santosh University"
1044,"Babu Banarasi Das University"
1045,"Bennett University"
1046,"Era University"
1047,"Galgotias University"
1048,"GLA University"
1049,"Glocal University"
1050,"IFTM University"
1051,"IIMT University"
1052,"Institute of Management Technology Ghaziabad (IMT Ghaziabad)"
1053,"Integral University Lucknow"
1054,"Invertis University"
1055,"Jagadguru Rambhadracharya Handicapped University"
1056,"JS University"
1057,"Maharishi University"
1058,"Mangalayatan University Aligarh"
1059,"Mohammad Ali Jauhar University"
1060,"Monad University"
1061,"Nehru Gram Bharti University"
1062,"Noida International University"
1063,"Raja Mahendra Pratap Singh State University (RMPSSU Aligarh)"
1064,"Rama University"
1065,"Sanskriti University"
1066,"Sharda University"
1067,"Shiv Nadar University"
1068,"Shobhit University"
1069,"Shri Venkateshwara University"
1070,"Swami Vivekanand Subharti University"
1071,"Teerthanker Mahaveer University"
1072,"Aryabhatta Research Institute of Observational Sciences (ARIES)"
1073,"Bharatendu Academy of Dramatic Arts"
1074,"Central Footwear Training Institute (CFTI Agra)"
1075,"Dr Ram Manohar Lohia Institute of Medical Sciences (DRRMLIMS)"
1076,"Indian Institute of Handloom Technology Varanasi (IIHT Varanasi)"
1077,"Indian Institute of Information Technology Allahabad (IIIT Allahabad)"
1078,"Indian Institute of Information Technology Lucknow (IIIT Lucknow)"
1079,"Indian Institute of Management Lucknow (IIM Lucknow)"
1080,"Indian Institute of Remote Sensing (IIRS)"
1081,"Indian Institute of Technology Kanpur (IIT Kanpur)"
1082,"Indian Institute of Technology Varanasi (IIT BHU)"
1083,"Indian Institute of Tourism and Travel Management Noida (IITTM Noida)"
1084,"Institute of Engineering and Rural Technology Prayagraj (IERT Prayagraj)"
1085,"Kendriya Hindi Sansthan (KHS)"
1086,"Motilal Nehru National Institute of Technology Allahabad (MNNIT Allahabad)"
1087,"MSME Technology Centre Kanpur"
1088,"National Institute of Pharmaceutical Education and Research Raebareli (NIPER Raebareli)"
1089,"National Sugar Institute Kanpur (NSI Kanpur)"
1090,"NTPC School of Business (NSB)"
1091,"Rajiv Gandhi Institute of Petroleum Technology (RGIPT)"
1092,"Sanjay Gandhi Postgraduate Institute of Medical Sciences (SGPGI Lucknow)"
1093,"Central Drug Research Institute (CDRI)"
1094,"Hemwati Nandan Bahuguna Garhwal University (HNBGU)"
1095,"Govind Ballabh Pant University of Agriculture and Technology (GBPUAT)"
1096,"Hemwati Nandan Bahuguna Uttarakhand Medical Education University (HNBUMU)"
1097,"Sri Dev Suman Uttarakhand University (SDSUV)"
1098,"Uttarakhand Aawasiya Vishwavidyalaya"
1099,"Uttarakhand Ayurveda University (UAU)"
1100,"Uttarakhand Open University (UOU)"
1101,"Uttarakhand Sanskrit University (USVV)"
1102,"Uttarakhand University of Horticulture and Forestry (UUHF)"
1103,"Forest Research Institute Dehradun (FRI Dehradun)"
1104,"Gurukul Kangri Vishwavidyalaya (GKV)"
1105,"Dev Sanskriti Vishwavidyalaya (DSVV)"
1106,"DIT University"
1107,"Graphic Era Hill University (GEHU)"
1108,"Graphic Era University"
1109,"Haridwar University"
1110,"Himalayan Garhwal University"
1111,"Himgiri Zee University (HZU)"
1112,"IMS Unison University"
1113,"Motherhood University"
1114,"Quantum University"
1115,"Shri Guru Ram Rai University"
1116,"Swami Rama Himalayan University (SRHU)"
1117,"University of Patanjali"
1118,"University of Petroleum and Energy Studies (UPES)"
1119,"Uttaranchal University"
1120,"All India Institute of Medical Sciences Rishikesh (AIIMS Rishikesh)"
1121,"Indian Institute of Management Kashipur (IIM Kashipur)"
1122,"Indian Institute of Technology Roorkee (IIT Roorkee)"
1123,"National Institute of Technology Uttarakhand (NIT Uttarakhand)"
1124,"Wildlife Institute of India (WII)"
1125,"Indian Institute of Engineering Science and Technology Shibpur (IIEST Shibpur)"
1126,"Visva Bharati University (VBU)"
1127,"Adamas University"
1128,"Aliah University"
1129,"Bankura University"
1130,"Bidhan Chandra Krishi Viswavidyalaya (BCKV)"
1131,"Calcutta University (CALUNIV)"
1132,"Cooch Behar Panchanan Barma University (CBPBU)"
1133,"Diamond Harbour Womens University"
1134,"Indian Institute of Science Education and Research Kolkata (IISER Kolkata)"
1135,"Jadavpur University"
1136,"Kazi Nazrul University (KNU)"
1137,"Maulana Abul Kalam Azad University of Technology (MAKAUT)"
1138,"Netaji Subhas Open University (NSOU)"
1139,"Presidency University"
1140,"Rabindra Bharati University (RBU)"
1141,"Raiganj University"
1142,"Senate of Serampore College (University)"
1143,"Sidho Kanho Birsha University (SKBU)"
1144,"The Sanskrit College and University"
1145,"University of Burdwan"
1146,"University of Engineering and Management"
1147,"University of Gour Banga (UGB)"
1148,"University of Kalyani"
1149,"University of North Bengal (NBU)"
1150,"Uttar Banga Krishi Vishwavidyalaya (UBKV)"
1151,"Vidyasagar University"
1152,"West Bengal National University of Juridical Sciences (WBNUJS)"
1153,"West Bengal State University (WBSU)"
1154,"West Bengal University of Animal and Fishery Sciences (WBUAFS)"
1155,"West Bengal University of Health Sciences (WBUHS)"
1156,"West Bengal University of Teachers Training Education Planning and Administration (WBUTTEPA)"
1157,"Indian Association for the Cultivation of Science (IACS)"
1158,"Brainware University"
1159,"JIS University"
1160,"Seacom Skills University"
1161,"St Xaviers University"
1162,"Techno India University"
1163,"The Neotia University"
1164,"Bose Institute"
1165,"Indian Institute of Chemical Biology (IICB)"
1166,"Indian Institute of Handloom Technology Fulia (IIHT Fulia)"
1167,"Indian Institute of Information Technology Kalyani (IIIT Kalyani)"
1168,"Indian Institute of Management Calcutta (IIM Calcutta)"
1169,"Indian Institute of Social Welfare and Business Management (IISWBM)"
1170,"Indian Institute of Technology Kharagpur (IIT Kharagpur)"
1171,"Indian Statistical Institute Kolkata (ISI Kolkata)"
1172,"International Management Institute Kolkata (IMI Kolkata)"
1173,"MSME Tool Room Kolkata"
1174,"National Institute of Biomedical Genomics (NIBMG)"
1175,"National Institute of Locomotor Disabilities (NILD)"
1176,"National Institute of Pharmaceutical Education and Research Kolkata (NIPER Kolkata)"
1177,"National Institute of Technical Teachers Training and Research Kolkata (NITTTR Kolkata)"
1178,"National Institute of Technology Durgapur (NIT Durgapur)"
1179,"SAIL Burnpur School of Nursing"
1180,"SN Bose National Centre for Basic Sciences (SNBNCBS)"
1181,"State Medical Faculty of West Bengal (SMFWB)"
1182,"University of Engineering Management Kolkata (UEM Kolkata)"
1183,"West Bengal Board of Primary Education (WBPPE)"
1184,"Central Sericultural Research and Training Institute (CSRTI)"
1185,"West Bengal Joint Entrance Examinations Board (WBJEEB)"
1186,"West Bengal State Council of Technical Education (WBSCTE)"
1187,"Soban Singh Jeena University (SSJU)"
1188,"Deccan Education Society,Pune (DES)"